Model,Accuracy,AUC,Precision,Recall,F1,MCC
Logistic Regression,0.67,0.8967999999999999,0.6808715007813165,0.67,0.6745647699431493,0.5605374393592604
Decision Tree,0.83,0.8866666666666666,0.8318831447022742,0.83,0.830168476083014,0.7738106637983099
K-Nearest Neighbors,0.5,0.7697499999999999,0.521130101168955,0.5,0.5053550007497375,0.334992867030949
Naive Bayes,0.81,0.9505666666666666,0.8113261105197412,0.81,0.8104578013732255,0.7468035932115061
Random Forest,0.88,0.9769291666666667,0.8796143627400944,0.88,0.8797343764416595,0.8400490042879168
XGBoost,0.9225,0.9937,0.922631262671446,0.9225,0.9224822681336246,0.8967189767994034
